,Similar/different,Similarity w/,Content,Intents,,,
A1,S,B5,"investment, cashflow",Explaining definitions,,"For example, when a company acquires or disposes of property, plant, and equipment for its business, or acquires financial assets for investment purposes, cash flows from investing activities occur.",Cash flow from investing activities
A2,S,B4,verification,Explaining definitions,,"Using a verification formula in that column, you check whether the difference between the beginning and ending balances in the statement of financial position matches the changes from a cash flow perspective, ensuring everything is fully reflected.",검증
A3,D,,cash flow statement,"Explaining the value, and implications behind the dataset.",,This Excel file is used to prepare the statement of cash flows among the financial statements.,2023-12-31
A4,D,,cash flow statement,"Explaining the value, and implications behind the dataset.",,Preparing the statement of cash flows involves interpreting changes in balance sheet accounts from the perspective of cash and classifying them into respective cash flows.,2023-12-31
A5,D,,ending balance,Explaining dataset,,That column represents the ending balance for each account in the statement of financial position.,2024-12-31
A6,D,,beginning balance,Explaining dataset,,That column represents the beginning balance for each account in the statement of financial position.,2023-12-31
A7,S,B17,"beginning, ending balance",Explaining dataset (columns),,That column shows the difference between the beginning and ending balances for each account. It is used to verify completeness by matching with cash flow changes.,Diff
A8,S,B4,reconciliation,Explaining mechanism based on example in the dataset,"Which discrepancies can be identified, and what do they mean?","If items on the statement of financial position are missing or amounts do not match, it becomes impossible to accurately reflect changes in cash flow. Consequently, the ending cash balance will not reconcile with the beginning balance after considering the identified cash flows.",
A9,S,B24,"disposal, equipment",Explaining dataset,What transactions can explain the changes in cash flow?,"If a vehicle recorded at 500,000 KRW in the books is disposed of for 1,000,000 KRW, 1,000,000 KRW of investing cash flow arises from that disposal, and a disposal gain of 500,000 KRW on property, plant, and equipment is recognized.",
A10,S,B19,operating asset,,"Please explain the dynamics of cash flows reflected in the financial statements, especially changes from operating activities.","If accounts receivable—an operating asset—increase by 500,000 KRW under the same profit and loss scenario, it indicates a decrease of 500,000 KRW in cash flows from operating activities. Conversely, if accounts payable—an operating liability—increase by 500,000 KRW, it indicates a 500,000 KRW increase in cash flows from operating activities.","(['Cash flow from operating activities', 'We feel it'], [11, 12])"
A11,S,B11,dividends,Explaining mechanism based on dataset,"Please describe the relationship between dividends and cash flow from operating activities, particularly from a liquidity management perspective.","Companies pay dividends from cash earned through operating activities, and dividends are only distributed if sufficient liquidity is available.","(""['dividends', 'cash flow']"",""[12, 74]"")"
A12,S,B9,retained earnings,Explaining mechanism.,What events caused the changes in retained earnings?,"The company's net income becomes retained earnings, which can decrease through dividends or other capital transactions with shareholders.",
A13,S,B10,"operating, investing, financing, or non-cash flows",Explaining dataset,What does this dataset represent?,"This is the base data for preparing the statement of cash flows. Changes between the beginning and ending balance sheets are classified into operating, investing, financing, or non-cash flows.",
A14,S,B19,debt,Explaining mechanism.,What information do the debt items provide about the financial stability of the company?,"The larger the debt, the higher the risk of bankruptcy, which reduces a company’s stability, while less debt generally indicates greater financial stability.",
A15,S,B23,beginning and ending balance,Provide background knowledge about a part of dataset,How were the values in this dataset collected?,We bring in the beginning and ending balances from the prepared statement of financial position and aggregate information based on the accounting entries made in the analysis sheet.,
A16,D,,liquidity,Explaining implications. ,What is the explanation for the changes in cash holdings and their impact on overall liquidity?,"Because cash is the most liquid asset, as cash holdings increase, liquidity increases.","(['Quick assets', 'Cash'], [1, 2])"
A17,S,"B3, B7",working capital,Explaining mechanism based on dataset,How do you interpret the relationship between operating cash inflows and components of working capital?,"An increase in opreating asset implies more cash was spent to support it, reducing cash on hand, while a decrease in operating asset implies an increase in cash.","(""['12/31/23', '12/31/24']"",""[10, 12]"")"
A18,D,,cash flow,Explaining implications. ,What type of entity does this dataset correspond to?,"All companies that prepare financial statements also produce a statement of cash flows. In other words, it applies to all companies that publish audit reports or prepare and use financial statements.",
A19,S,B19,liabilities,Explaining dataset.,What information do accrued expenses and debt-related items provide about the company’s short-term financial obligations?,"It provides information about liabilities accrued on an obligation basis but not yet paid, such as unpaid wages.","(['Current liabilities', 'Accounts payable', 'Withholding'], [5, 6])"
A20,S,B22,cash flow,Explaining mechanism. ,What does the cash flow data show about operating activities?,"By interpreting and presenting transactions from a cash perspective, it reveals the company’s financial soundness and how much money it actually earned and spent in operations, potentially providing more accurate information than an income statement prepared under accounting standards.",
A21,S,"B19, B20","cash flow, borrowing",Explaining mechanism.,How does financing cash flow reflect the company's strategy for managing debt and equity during the period?,"When a company raises funds through financing activities by borrowing, the associated cash flow increases, which raises financing cash flow. If the company raises funds through a paid-in capital increase, capital stock and additional paid-in capital accounts rise, also increasing financing cash flow.","(['Diff', 'Verification'], [14, 16])"
A22,S,B4,verification,Explaining mechanism. ,Why is it important to verify the accuracy of the accounts?,"If you do not verify the completeness and figures of the accounts in the statement of financial position, omissions will occur in the cash flows, and you cannot accurately reconcile the beginning and ending cash balances.",
A23,D,,accounting,Providing additional information,"Who supports, hosts, and maintains this dataset?",It is directly prepared based on the financial information managed and compiled by the company’s accounting personnel.,
A24,D,,staff,Providing additional information,"Who created this dataset, and which organization or team do they represent?",It is prepared by the accounting staff in the company’s finance department.,
,,,,,,,
B1,D,,previous year,Explaining dataset,,It refers to the end of the previous year.,C3
B2,D,,current year,Explaining dataset,,It refers to the end of the current year.,D3
B3,S,A17,operating cash flow,Explaining mechanism based on dataset.,,"Operating cash flow refers to the company’s cash flow during the accounting period, excluding cash flows from investing and financing activities. It is essentially the inflows and outflows of cash arising from routine operating activities.",
B4,S,"A2, A8, A22",reconciliation,Explaining mechanism based on dataset.,,"This data is a reconciliation schedule for the statement of cash flows. The statement of cash flows, a mandatory disclosure among financial statements, shows the company’s cash flows during the accounting period, categorized into operating, investing, and financing. The reconciliation schedule serves as a form of explanatory statement or table detailing changes in each balance sheet account from the end of the previous year to the end of the current year (the accounting period) in order to compile the statement of cash flows.",
B5,S,A1,cash flow from investing,Explaining mechanism.,,"Cash flow from investing activities arises from transactions involving financial assets or property, plant, and equipment listed on the debit side of the balance sheet—excluding operating activities—and from investing surplus funds in financial instruments that will generate future cash flows.",M3
B6,D,,details of funds (investment),Explaining mechanism based on dataset.,,"This line shows details of funds flowing into the company, such as recovered investment funds or proceeds from disposing of property, plant, and equipment.",N4
B7,S,A17,cash outflow,Explaining mechanism,,A cash outflow indicates that the company made an investment by spending cash to acquire some asset.,F4
B8,D,,"debit side, credit side",Explaining mechanism.,,"A company’s statement of financial position consists of a debit side (assets) and a credit side (liabilities and equity). Cash flow from financing activities pertains to the credit side—liabilities and equity—in the balance sheet, explaining how the company has financed its operations and investments. Both liabilities and equity represent external funds: liabilities are borrowed money, and equity is contributed capital.",G3
B9,S,A12,cash outflow,Explaining variables in the table,,"This line also shows details of cash outflows from the company, such as dividends.",T4
B10,S,A13,reconciliation,Explaining importance of a part of dataset.,,"In the statement of cash flows reconciliation schedule, this section is necessary to explain balance sheet account changes, though it does not directly represent cash flow. For example, you might buy a laptop for cash, or arrange to pay for it later while starting to use it now. Various transactions involving equipment or raw materials might not entail immediate cash inflows or outflows. These non-cash items must be tracked accurately so we can determine which accounts actually generated real cash flows. Hence, these are important details.",U3
B11,S,A11,current assets,Explaining implications about a dataset.,,"Notably, a large portion of the current assets—those expected to be realized within one year of normal operations—consists of time deposits with sizable balance fluctuations. Because these are time deposits or other cash-equivalent assets rather than inventory or other current assets, it suggests the company has likely completed a phase of stable growth and either has limited product sales activity or generates cash flow through non-current assets rather than inventory.",E10
B12,D,,accounts receivable,Explaining variables in the dataset,,"Note that there is almost no increase or decrease in accounts receivable. From my perspective, an account receivable means the right to receive payment for goods sold or services rendered (often called Accounts Receivable in English).",L15
B13,D,,investing activities,Explaining variables in the dataset,,"Investing activities refer to cash flows from buying or selling financial instruments or property, plant, and equipment outside of operating activities. A decrease in short-term financial instruments means the company recovered the corresponding amount of previously invested funds, indicating that about 2 billion KRW was withdrawn from existing short-term financial instruments during the period.",H10
B14,D,,inventory,Explaining how the data is interpreted.,,"First, the key point is that inventory represents a relatively small portion of the overall financial statements. This shows the company is not a traditional manufacturing or trading entity engaged in making and selling goods.",D20
B15,D,,"current, non-current assets","Explaining the dataset, and its implications.",,"A company’s balance sheet assets comprise current and non-current assets. Property, plant, and equipment is included under non-current assets. With total assets of about 84.5 billion KRW and 65.4 billion KRW in property, plant, and equipment, it suggests the company generates cash flows from large tangible assets such as factories, machinery, or similar facilities.",D27
B16,D,,course -- dataset,Explaining implications behind the dataset,,"The [Course] account typically appears in leisure industry companies, like golf courses and resorts. Given the existence of a [Course] account, it can be inferred that this company operates a golf course. Here, 'account' refers to an item on the balance sheet.",D42
B17,S,A7,"comparison 2023, 2024",Explanation about the dataset,,"The difference between this amount and the amount immediately to the right represents the change between the total assets at the end of the previous year (December 31, 2023) and the book value at the end of the current year (December 31, 2024), as shown at the top. This is the asset value at the previous year-end (December 31, 2023).",C55
B18,D,,"asset, non-current assets",Explaining the value of the dataset,,"This figure is the sum of the company’s current assets (expected to be realized within one year through normal operations) and non-current assets (expected to contribute to cash flow over longer than one year), representing the total book value of all assets.",D55
B19,S,"A14, A19, A21",asset liability,"Explaining the value, and implications behind the dataset.",,"Total assets amount to 84.5 billion KRW, while total liabilities are only 2.5 billion KRW. This discrepancy suggests the company hardly uses debt to finance its assets and is financially solid.",D70
B20,S,A21,"outside funding, profit","Explaining the value, and implications behind the dataset.",,"With total assets of 84.5 billion KRW and total equity of 82 billion KRW, it appears the company relies very little on outside funding and has maintained consistent profitability. Because the non-current assets include a [Course] account, and liabilities of 2.5 billion KRW are minimal compared to 82 billion KRW of equity, it indicates there are likely no unusual non-operating transactions and the company has consistently maintained a high-profit business.",D82
B21,D,,overview balance sheet,"Explaining the value, and implications behind the dataset.",,"In this dataset, we first focus on the left side to understand the composition of balance sheet items. This gives us a macro-level view of the company’s condition before we analyze the details (the cash flow activities on the right). We start by examining the financial statements to identify the nature of the company, then proceed to each cash flow.",
B22,S,A20,"income, profit","Explaining the value, and implications behind the dataset.",,"A current net income of 9.8 billion KRW means the company earned 9.8 billion KRW in accounting profits over the year, after taxes. It is important to remember that accounting profit does not necessarily equal cash inflow. As mentioned, net income is an accounting measure, and part of it may be received in cash or may remain in accounts receivable. Therefore, the net income figure is not necessarily the same as the actual cash inflow.",L79
B23,S,A15,"cash inflow, outflow","Explaining the value, and implications behind the dataset.",,"Operating cash flow is the net amount of cash inflows and outflows from operating activities. A positive figure indicates a net inflow of cash after offsetting operating inflows and outflows. If operating cash flow exceeds net income, the company may have collected additional cash during the period—for instance, from accounts receivable recognized in the previous period—resulting in more cash flow than reported net income.",L85
B24,S,A9,"Structures, machinery, equipment",Explaining the implications about the dataset,,"These items show that investments in structures, machinery, and equipment are minimal relative to the company’s cash on hand or total assets. In other words, the company can continue its operations without making significant new investments in property, plant, and equipment.",P31